{
  "results": {
    "logistic_regression": {
      "accuracy": 0.629,
      "precision": 0.46794871794871795,
      "recall": 0.01972972972972973,
      "f1_score": 0.037863070539419084,
      "roc_auc": 0.5649614328614329
    },
    "random_forest": {
      "accuracy": 0.6272,
      "precision": 0.4263157894736842,
      "recall": 0.02189189189189189,
      "f1_score": 0.0416452442159383,
      "roc_auc": 0.5621161733161733
    }
  },
  "best_model": "logistic_regression",
  "best_metric_roc_auc": 0.5649614328614329
}